filename,type,offset,compressedSize,uncompressedSize,method,zlib,7zip
resources.arsc,arsc,0,513768,513768,0,0,0
hianalytics_njjn,hianalytics_njjn,513812,327,588,8,1,0
grs_sp.bks,bks,514192,1389,1470,8,1,0
grs_sdk_global_route_config_apptouchupdatesdk.json,json,515628,906,2570,8,1,0
com.tencent.plus.logo.png,png,516621,4854,4854,0,0,0
buttonNegt.png,png,521538,3309,3309,0,0,0
com_tencent_msdk_cacert.pem,pem,524901,121086,213947,8,1,0
com.tencent.plus.ic_success.png,png,646056,1677,1677,0,0,0
button_green.9.png,png,647801,1671,1671,0,0,0
updatesdkcas.bks,bks,649527,24924,34844,8,1,0
com.tencent.plus.ic_error.png,png,674504,1522,1522,0,0,0
wave_dafx_data.bin,bin,676094,2582082,3558524,8,1,0
encoder_v4_small.mnn,mnn,3258243,2402526,2592572,8,1,0
libgvoicensmodel.bin,bin,5660838,1492696,1865704,8,1,0
libwxvoiceembed.bin,bin,7153603,1525444,3076906,8,1,0
decoder_v4_small.mnn,mnn,8679115,2282330,2472220,8,1,0
config.json,json,10961514,430,1573,8,1,0
libwbsafeedit_x86,libwbsafeedit_x86,10962004,7977,17600,8,1,0
__tpsinfo.t.p.sin,sin,10970035,64,64,0,0,0
yyb_qzone.png,png,10970156,1201,1201,0,0,0
MidasPay.zip,zip,10971409,878658,878658,0,0,0
__tpcfinfo.tsa,tsa,11850118,272,272,0,0,0
grs_sdk_global_route_config_updatesdk.json,json,11850444,921,3208,8,1,0
background.9.png,png,11851444,6626,6626,0,0,0
tpginf.dat,dat,11858126,8,8,0,0,0
hmsincas.bks,bks,11858184,2667,3081,8,1,0
grs_sdk_global_route_config_opendevicesdk.json,json,11860900,363,1922,8,1,0
yyb_appdetail_showmore.png,png,11861346,220,220,0,0,0
hmsrootcas.bks,bks,11861632,24924,34844,8,1,0
button_red.9.png,png,11886607,1399,1399,0,0,0
record_config.cfg,cfg,11888059,124,180,8,1,0
yyb_topbar.9.png,png,11888237,235,235,0,0,0
yyb_appdetail_bg_floatingwindow.9.png,png,11888527,478,478,0,0,0
com.tencent.plus.gray_down.png,png,11889082,4536,4536,0,0,0
grs_sdk_global_route_config_opensdkService.json,json,11893688,1095,9579,8,1,0
grs_sdk_server_config.json,json,11894867,143,326,8,1,0
yyb_qq.png,png,11895073,937,937,0,0,0
com.tencent.plus.gray_normal.png,png,11896057,4838,4838,0,0,0
agconnect-services.json,json,11900966,690,1907,8,1,0
msdkconfig.ini,ini,11901716,1370,2512,8,1,0
h5_qr_back.png,png,11903137,116,116,0,0,0
__tpinfo.tsa,tsa,11903304,26704,26704,0,0,0
com.tencent.plus.blue_down.png,png,11930060,11731,11731,0,0,0
libwbsafeedit,libwbsafeedit,11941859,10131,17636,8,1,0
libwbsafeedit_x86_64,libwbsafeedit_x86_64,11952040,8094,18344,8,1,0
com.tencent.plus.blue_normal.png,png,11960191,11561,11561,0,0,0
com.tencent.plus.blue_disable.png,png,11971821,10406,10406,0,0,0
buttonPost.png,png,11982298,3378,3378,0,0,0
tgaPubgmhdTVPlugin.zip,zip,11985730,17894715,18473511,8,1,0
com.tencent.open.config.json,json,29880512,48,56,8,1,0
main.obb.png,png,29880625,1850268626,1850268626,0,0,0
com.tencent.plus.gray_disable.png,png,1880149302,3801,3801,0,0,0
yyb_icon_back.png,png,1880153173,339,339,0,0,0
com.tencent.plus.bar.png,png,1880153567,581,581,0,0,0
yyb_weixin.png,png,1880154209,1259,1259,0,0,0
yyb_friends.png,png,1880155519,1500,1500,0,0,0
libwbsafeedit_64,libwbsafeedit_64,1880157072,8248,18024,8,1,0
publicsuffixes.gz,gz,1880165373,34015,34000,8,1,0
miui_push_version,miui_push_version,1880199465,112,107,8,1,0
version.properties,properties,1880199624,519,907,8,1,0
classes2.dex,dex,1880200219,2497683,6260820,8,1,0
jacoco-agent.properties,properties,1882697944,13,11,8,1,0
push_version,push_version,1882698010,42,40,8,1,0
classes.dex,dex,1882698094,3651250,9038948,8,1,0
AndroidManifest.xml,xml,1886349385,11189,56368,8,1,0
Jsr305_annotations.gwt.xml,xml,1886360623,104,133,8,1,0
libturinggame.so,so,1886360802,75747,136312,8,1,0
libGvoiceNN.so,so,1886436611,534109,1017880,8,1,0
libqmp.so,so,1886970780,78152,129304,8,1,0
libgamemaster.so,so,1887048987,321817,524992,8,1,0
libijkffmpeg.so,so,1887370866,1454676,2999808,8,1,0
libMSDKSystem.so,so,1888825603,1351601,2559532,8,1,0
libzip.so,so,1890177266,35022,58572,8,1,0
libckeygeneratorV2.so,so,1890212343,109204,214540,8,1,0
libcubehawk.so,so,1890321614,229195,493288,8,1,0
libPixUI_PXPlugin.so,so,1890550869,1817901,3604428,8,1,0
libMsdkAdapter.so,so,1892368836,288843,640660,8,1,0
libtransceiver.so,so,1892657742,63468,128736,8,1,0
libUQMUnityAdapter.so,so,1892721273,77546,153252,8,1,0
libAkDelayWG.so,so,1892798886,42882,83552,8,1,0
libPandoraVideo.so,so,1892841829,79964,145584,8,1,0
libTCUpload.so,so,1892921857,6444,13948,8,1,0
libgsdk.so,so,1892928361,380643,895156,8,1,0
libUE4.so,so,1893309060,48967330,130980396,8,1,0
libnpps-jni.so,so,1942276445,10091,20784,8,1,0
libtprt.so,so,1942286596,1308300,1308300,0,0,0
libencrypt.so,so,1943598732,7873,18000,8,1,0
libavbase.so,so,1943606664,1155544,2724356,8,1,0
libMMCodecSdk.so,so,1944762266,124555,235276,8,1,0
libCrashSightCore.so,so,1944886883,165292,378600,8,1,0
libTPCore-master.so,so,1945052241,2773696,6668836,8,1,0
libtersafe.so,so,1947826002,1882844,4029288,8,1,0
libzlib.so,so,1949708905,41576,67088,8,1,0
libgcloud.so,so,1949750537,1907126,3486804,8,1,0
libPcdnTegTransSdk.so,so,1951657721,1632848,3350100,8,1,0
libDownloadProxy.so,so,1953290636,3187686,6346240,8,1,0
libCrashSight.so,so,1956478387,121030,260160,8,1,0
libxgVipSecurity.so,so,1956599479,20980,38492,8,1,0
libbeaconid.so,so,1956620524,48658,85980,8,1,0
libgcloudcore.so,so,1956669242,412916,903176,8,1,0
libckguard.so,so,1957082220,17755,30200,8,1,0
libGCloudVoice.so,so,1957100034,4115804,8277760,8,1,0
libWGRecorder.so,so,1961215901,78267,153160,8,1,0
libWGRecorderApi.so,so,1961294230,7020,13860,8,1,0
libgnustl_shared.so,so,1961301315,263480,710320,8,1,0
libGVoicePlugin.so,so,1961564860,54124,117432,8,1,0
libentryexpro.so,so,1961619048,61532,111880,8,1,0
libBugly.so,so,1961680642,83595,165628,8,1,0
libtgpa.so,so,1961764294,177479,323252,8,1,0
libMSDK.so,so,1961941829,32968,62776,8,1,0
libTDataMaster.so,so,1961974853,1093511,2471068,8,1,0
libspecialhttpdns.so,so,1963068427,6556,13904,8,1,0
libturinggame.so,so,1963075049,115800,240944,8,1,0
libGvoiceNN.so,so,1963190909,893985,2245528,8,1,0
libqmp.so,so,1964084952,81196,170888,8,1,0
libgamemaster.so,so,1964166201,339490,693176,8,1,0
libijkffmpeg.so,so,1964505751,1516755,3679416,8,1,0
libMSDKSystem.so,so,1966022565,1687597,4841544,8,1,0
libzip.so,so,1967710222,34823,79640,8,1,0
libckeygeneratorV2.so,so,1967745098,140057,374712,8,1,0
libcubehawk.so,so,1967885220,273669,825592,8,1,0
libPixUI_PXPlugin.so,so,1968158947,2029461,5294424,8,1,0
libMsdkAdapter.so,so,1970188472,360720,1165416,8,1,0
libtransceiver.so,so,1970549253,82496,215272,8,1,0
libUQMUnityAdapter.so,so,1970631810,94676,260224,8,1,0
libAkDelayWG.so,so,1970726551,53106,133056,8,1,0
libPandoraVideo.so,so,1970779716,77356,179200,8,1,0
libTCUpload.so,so,1970857134,1638,5912,8,1,0
libgsdk.so,so,1970858830,467400,1419968,8,1,0
libUE4.so,so,1971326284,56406836,181676872,8,1,0
libnpps-jni.so,so,2027733173,10501,31480,8,1,0
libtprt.so,so,2027743732,1612064,1612064,0,0,0
libencrypt.so,so,2029357344,4011,9992,8,1,0
libavbase.so,so,2029361412,1028841,2455768,8,1,0
libMMCodecSdk.so,so,2030390309,136722,358616,8,1,0
libCrashSightCore.so,so,2030527091,210833,624920,8,1,0
libTPCore-master.so,so,2030737988,2562179,6729808,8,1,0
libtersafe.so,so,2033300230,2366265,6232456,8,1,0
libzlib.so,so,2035666552,44614,83808,8,1,0
libgcloud.so,so,2035711220,2376543,6112104,8,1,0
libPcdnTegTransSdk.so,so,2038087819,1728814,4310664,8,1,0
libDownloadProxy.so,so,2039816698,4746174,12442200,8,1,0
libCrashSight.so,so,2044562935,129005,347064,8,1,0
libxgVipSecurity.so,so,2044692000,25043,51120,8,1,0
libbeaconid.so,so,2044717106,48148,106904,8,1,0
libgcloudcore.so,so,2044765312,505594,1497888,8,1,0
libckguard.so,so,2045270966,6541,18080,8,1,0
libGCloudVoice.so,so,2045277564,4100909,8801696,8,1,0
libWGRecorder.so,so,2049378534,105291,276504,8,1,0
libWGRecorderApi.so,so,2049483885,2087,5848,8,1,0
libgnustl_shared.so,so,2049486035,328277,1096016,8,1,0
libGVoicePlugin.so,so,2049814375,77758,195624,8,1,0
libentryexpro.so,so,2049892195,78926,177624,8,1,0
libBugly.so,so,2049971181,83510,190656,8,1,0
libtgpa.so,so,2050054746,206246,455256,8,1,0
libMSDK.so,so,2050261046,55370,136792,8,1,0
libTDataMaster.so,so,2050316470,1284928,4004648,8,1,0
libspecialhttpdns.so,so,2051601459,1945,5896,8,1,0
common_google_signin_btn_text_dark_normal.xml,xml,2051603468,371,908,8,1,0
common_google_signin_btn_text_light_normal.xml,xml,2051603937,361,872,8,1,0
common_google_signin_btn_text_disabled.xml,xml,2051604397,401,1040,8,1,0
msdk_agreement.txt,txt,2051604893,8110,21228,8,1,0
splash_video.mp4,mp4,2051613059,2521810,2521810,0,0,0
status_bar_ongoing_event_progress_bar.xml,xml,2054134926,832,2568,8,1,0
psr_layout_float_record_expand.xml,xml,2054135840,1058,3120,8,1,0
unipay_layout_activity_web.xml,xml,2054136973,407,980,8,1,0
msdk_name_auth_main.xml,xml,2054137451,1407,6724,8,1,0
msdk_name_auth_web_dialog.xml,xml,2054138922,596,1480,8,1,0
upsdk_ota_update_view.xml,xml,2054139588,902,3784,8,1,0
unipay_layout_loadding.xml,xml,2054140556,521,1064,8,1,0
com_tencent_msdk_notice_roll.xml,xml,2054141144,531,1112,8,1,0
msdk_thrdcall_dlg_griditem.xml,xml,2054141748,422,896,8,1,0
animation_splash.xml,xml,2054142241,299,588,8,1,0
com_tencent_msdk_webview_window.xml,xml,2054142601,1237,5536,8,1,0
com_tencent_msdk_qrcode_window.xml,xml,2054143914,640,1980,8,1,0
unipay_layout_activity_web_x5.xml,xml,2054144629,428,1000,8,1,0
activity_endisable_service.xml,xml,2054145131,461,952,8,1,0
com_tencent_msdk_notice_text_url.xml,xml,2054145663,1060,3744,8,1,0
com_tencent_tmassistant_sdk_white_list_dlg.xml,xml,2054146800,1013,3140,8,1,0
hms_download_progress.xml,xml,2054147900,662,1696,8,1,0
upsdk_app_dl_progress_dialog.xml,xml,2054148628,861,2540,8,1,0
unipay_view_header.xml,xml,2054149562,797,2112,8,1,0
authority_dialog.xml,xml,2054150422,1856,7084,8,1,0
msdk_name_auth_dialog.xml,xml,2054152339,755,2332,8,1,0
downloader_progress.xml,xml,2054153160,1019,4300,8,1,0
authority_item.xml,xml,2054154243,491,1192,8,1,0
psr_layout_float_record.xml,xml,2054154793,949,2556,8,1,0
video_splash.xml,xml,2054155810,311,592,8,1,0
msdk_webviewx_titlebar.xml,xml,2054156178,575,1596,8,1,0
com_tencent_msdk_notice_text.xml,xml,2054156820,1004,3224,8,1,0
msdk_thrdcall_dlg_sheet.xml,xml,2054157897,491,1044,8,1,0
unipay_layout_activity_web.xml,xml,2054158456,407,980,8,1,0
com_tencent_msdk_notice_image_url.xml,xml,2054158939,758,2552,8,1,0
unipay_layout_activity_web_x5.xml,xml,2054159780,428,1000,8,1,0
com_tencent_msdk_notice_image.xml,xml,2054160287,726,2172,8,1,0
com_tencent_msdk_notice_web.xml,xml,2054161092,1093,3828,8,1,0
downloader_progress.xml,xml,2054162262,1048,4340,8,1,0
com_tencent_msdk_notice_web_url.xml,xml,2054163379,1125,4208,8,1,0
splashscreen_portrait.png,png,2054164585,57500,57500,0,0,0
stat_sys_third_app_notify.png,png,2054222164,637,637,0,0,0
appfw_home_list_devider.9.png,png,2054222885,190,190,0,0,0
downloadimageh.png,png,2054223158,427125,427125,0,0,0
advice.png,png,2054650353,42018,42018,0,0,0
splashscreen_landscape.png,png,2054692434,427125,427125,0,0,0
downloadimagev.png,png,2055119637,168628,168628,0,0,0
logo.png,png,2055288336,138648,138648,0,0,0
slugsdk_video_player_controller.xml,xml,2055427044,626,1788,8,1,0
slugsdk_video_player_title.xml,xml,2055427755,405,868,8,1,0
slugsdk_video_player_definition.xml,xml,2055428240,352,680,8,1,0
com_tencent_tmassistant_sdk_white_list_dlg.xml,xml,2055428677,968,3128,8,1,0
unipay_anim_out_to_right.xml,xml,2055429740,242,464,8,1,0
slugsdk_translate_out.xml,xml,2055430049,201,352,8,1,0
slugsdk_translate_none.xml,xml,2055430314,197,352,8,1,0
com_tencent_msdk_webview_titlebar_hide.xml,xml,2055430576,242,464,8,1,0
slugsdk_translate_up.xml,xml,2055430899,195,352,8,1,0
msdk_thrdcall_more_dialog_enter.xml,xml,2055431157,249,484,8,1,0
unipay_anim_in_from_right.xml,xml,2055431480,244,464,8,1,0
slugsdk_alpha_out.xml,xml,2055431792,191,344,8,1,0
slugsdk_translate_down.xml,xml,2055432043,201,352,8,1,0
unipay_anim_out_to_left.xml,xml,2055432309,242,464,8,1,0
unipay_anim_in_from_left.xml,xml,2055432617,243,464,8,1,0
com_tencent_msdk_webview_toolbar_show.xml,xml,2055432927,244,464,8,1,0
slugsdk_translate_in.xml,xml,2055433251,195,352,8,1,0
slugsdk_alpha_in.xml,xml,2055433509,191,344,8,1,0
com_tencent_msdk_webview_titlebar_show.xml,xml,2055433759,248,464,8,1,0
noaction.xml,xml,2055434088,215,416,8,1,0
msdk_thrdcall_more_dialog_exit.xml,xml,2055434354,247,464,8,1,0
com_tencent_msdk_webview_toolbar_hide.xml,xml,2055434674,243,464,8,1,0
com_tencent_msdk_notice_web_loading.png,png,2055434997,655,655,0,0,0
icon.png,png,2055435743,3987,3987,0,0,0
msdk_thrdcall_bg_light.9.png,png,2055439791,224,224,0,0,0
common_google_signin_btn_text_light_normal_background.9.png,png,2055440096,694,694,0,0,0
unipay_icon_return.png,png,2055440902,236,236,0,0,0
com_tencent_msdk_webview_more.png,png,2055441212,490,490,0,0,0
googleg_disabled_color_18.png,png,2055441786,410,410,0,0,0
common_google_signin_btn_icon_light_normal_background.9.png,png,2055442278,683,683,0,0,0
com_tencent_msdk_notice_web_loading.png,png,2055443071,1438,1438,0,0,0
unipay_icon_close.png,png,2055444602,205,205,0,0,0
com_tencent_msdk_webview_left.png,png,2055444881,451,451,0,0,0
com_tencent_msdk_webview_stop.png,png,2055445419,316,316,0,0,0
msdk_thrdcall_action_sheet_btn_cancel_sel.9.png,png,2055445820,2520,2520,0,0,0
ic_plusone_standard_off_client.png,png,2055448440,403,403,0,0,0
com_tencent_tmassistant_sdk_button_green.9.png,png,2055448931,345,345,0,0,0
com_tencent_msdk_webview_left_unclickable.png,png,2055449373,445,445,0,0,0
ic_plusone_small_off_client.png,png,2055449917,513,513,0,0,0
ic_plusone_medium_off_client.png,png,2055450513,395,395,0,0,0
unipay_pic_tipsbg_thin.9.png,png,2055450991,330,330,0,0,0
icon.png,png,2055451402,14212,14212,0,0,0
com_tencent_msdk_webview_right_unclickable.png,png,2055465676,442,442,0,0,0
com_tencent_tmassistant_sdk_button_bg.9.png,png,2055466218,309,309,0,0,0
com_tencent_tmassistant_sdk_button_blue.9.png,png,2055466621,346,346,0,0,0
googleg_standard_color_18.png,png,2055467066,808,808,0,0,0
msdk_thrdcall_action_sheet_btn_cancel_nor.9.png,png,2055467956,2540,2540,0,0,0
com_tencent_msdk_webview_right.png,png,2055470596,443,443,0,0,0
common_google_signin_btn_icon_dark_normal_background.9.png,png,2055471127,897,897,0,0,0
com_tencent_msdk_webview_qqbrowser.png,png,2055472133,990,990,0,0,0
com_tencent_msdk_webview_refresh.png,png,2055473214,715,715,0,0,0
unipay_icon_refresh.png,png,2055474019,252,252,0,0,0
com_tencent_tmassistant_sdk_button_gray.9.png,png,2055474348,305,305,0,0,0
common_google_signin_btn_text_dark_normal_background.9.png,png,2055474749,960,960,0,0,0
common_full_open_on_phone.png,png,2055475820,681,681,0,0,0
notify_panel_notification_icon_bg.png,png,2055476581,465,465,0,0,0
msdk_thrdcall_action_sheet_base_9.9.png,png,2055477137,2180,2180,0,0,0
unipay_pic_load.png,png,2055479408,870,870,0,0,0
com_tencent_msdk_webview_close.png,png,2055480350,319,319,0,0,0
ic_plusone_tall_off_client.png,png,2055480755,403,403,0,0,0
com_tencent_tmassistant_sdk_popup_bg.9.png,png,2055481239,918,918,0,0,0
ic_plusone_standard_off_client.png,png,2055482250,386,386,0,0,0
ic_plusone_small_off_client.png,png,2055482722,418,418,0,0,0
ic_plusone_medium_off_client.png,png,2055483226,372,372,0,0,0
ic_plusone_tall_off_client.png,png,2055483684,402,402,0,0,0
upsdk_btn_emphasis_normal_layer.9.png,png,2055484170,3128,3128,0,0,0
msdk_thrdcall_share_friend.png,png,2055487388,10859,10859,0,0,0
msdk_thrdcall_share_qq.png,png,2055498331,6087,6087,0,0,0
msdk_thrdcall_open_by_qq_browser.png,png,2055504499,6883,6883,0,0,0
common_google_signin_btn_text_light_normal_background.9.png,png,2055511471,1255,1255,0,0,0
stat_sys_third_app_notify.png,png,2055512839,412,412,0,0,0
com_tencent_msdk_webview_more.png,png,2055513336,749,749,0,0,0
googleg_disabled_color_18.png,png,2055514173,727,727,0,0,0
common_google_signin_btn_icon_light_normal_background.9.png,png,2055514983,1138,1138,0,0,0
com_tencent_msdk_webview_left.png,png,2055516234,865,865,0,0,0
com_tencent_msdk_webview_stop.png,png,2055517185,624,624,0,0,0
ic_plusone_standard_off_client.png,png,2055517896,827,827,0,0,0
upsdk_cancel_pressed_bg.png,png,2055518811,275,275,0,0,0
msdk_thrdcall_open_by_other_browser.png,png,2055519167,9108,9108,0,0,0
com_tencent_msdk_webview_left_unclickable.png,png,2055528368,836,836,0,0,0
ic_plusone_small_off_client.png,png,2055529304,530,530,0,0,0
msdk_thrdcall_share_qzone.png,png,2055529918,6275,6275,0,0,0
ic_plusone_medium_off_client.png,png,2055536275,837,837,0,0,0
icon.png,png,2055537197,49053,49053,0,0,0
com_tencent_msdk_webview_right_unclickable.png,png,2055586313,883,883,0,0,0
googleg_standard_color_18.png,png,2055587295,1615,1615,0,0,0
com_tencent_msdk_webview_right.png,png,2055588995,879,879,0,0,0
common_google_signin_btn_icon_dark_normal_background.9.png,png,2055589963,1510,1510,0,0,0
com_tencent_msdk_webview_qqbrowser.png,png,2055591586,2082,2082,0,0,0
msdk_realname_highrisk.jpg,jpg,2055593762,93347,93347,0,0,0
com_tencent_msdk_webview_refresh.png,png,2055687191,1408,1408,0,0,0
upsdk_cancel_normal.png,png,2055688688,470,470,0,0,0
common_google_signin_btn_text_dark_normal_background.9.png,png,2055689234,1638,1638,0,0,0
msdk_thrdcall_share_weixin.png,png,2055690986,7981,7981,0,0,0
com_tencent_msdk_webview_close.png,png,2055699053,504,504,0,0,0
ic_plusone_tall_off_client.png,png,2055699644,720,720,0,0,0
upsdk_btn_emphasis_normal_layer.9.png,png,2055700448,4474,4474,0,0,0
upsdk_cancel_pressed_bg.png,png,2055705014,377,377,0,0,0
upsdk_cancel_normal.png,png,2055705473,648,648,0,0,0
common_google_signin_btn_text_light_focused.xml,xml,2055706200,372,892,8,1,0
icon_rili.png,png,2055706662,932,932,0,0,0
armor.png,png,2055707652,2096,2096,0,0,0
icon_wenjian.png,png,2055709800,445,445,0,0,0
icon_dianhua.png,png,2055710305,1307,1307,0,0,0
bg.png,png,2055711671,310646,310646,0,0,0
close.png,png,2056022366,3048,3048,0,0,0
com_tencent_msdk_notice_alert_page_round_top_bkg.xml,xml,2056025468,286,628,8,1,0
com_tencent_msdk_webview_btn_bg.xml,xml,2056025849,227,484,8,1,0
upsdk_third_download_bg.xml,xml,2056026154,236,508,8,1,0
com_tencent_tmassistant_sdk_pregress_button.xml,xml,2056026460,401,1444,8,1,0
msdk_name_auth_btn_text_frame_color.xml,xml,2056026951,225,484,8,1,0
psr_qmi_dialog_bg.xml,xml,2056027258,228,520,8,1,0
psr_rectangle_black_bg.xml,xml,2056027550,224,484,8,1,0
psr_circle_black_bg.xml,xml,2056027843,274,628,8,1,0
msdk_name_auth_btn_close.xml,xml,2056028183,226,484,8,1,0
upsdk_cancel_bg.xml,xml,2056028480,290,684,8,1,0
common_google_signin_btn_icon_light_focused.xml,xml,2056028832,371,892,8,1,0
common_google_signin_btn_text_dark_normal.xml,xml,2056029293,273,584,8,1,0
com_tencent_msdk_notice_popup_round_bottom_btn.xml,xml,2056029654,230,464,8,1,0
icon_duanxin.png,png,2056029977,819,819,0,0,0
common_google_signin_btn_icon_dark_normal.xml,xml,2056030855,254,548,8,1,0
common_google_signin_btn_icon_dark_focused.xml,xml,2056031197,374,892,8,1,0
upsdk_update_all_button.xml,xml,2056031660,445,1532,8,1,0
msdk_thrdcall_browser_dialog_btn_cancel_bkg.xml,xml,2056032175,227,484,8,1,0
msdk_name_auth_btn_frame_bg.xml,xml,2056032492,226,484,8,1,0
icon_weizhi.png,png,2056032792,1252,1252,0,0,0
common_google_signin_btn_icon_dark.xml,xml,2056034104,259,588,8,1,0
animation_splash_landscape.xml,xml,2056034444,256,624,8,1,0
icon_maikefen.png,png,2056034773,1010,1010,0,0,0
com_tencent_tmassistant_sdk_negtive_btn.xml,xml,2056035846,257,592,8,1,0
common_google_signin_btn_text_light_normal.xml,xml,2056036189,273,584,8,1,0
com_tencent_msdk_notice_popup_page_round_top_bkg.xml,xml,2056036551,286,628,8,1,0
common_google_signin_btn_text_dark.xml,xml,2056036932,257,588,8,1,0
msdk_name_auth_btn_bg.xml,xml,2056037270,226,484,8,1,0
com_tencent_msdk_notice_popup_round_bottom_bkg.xml,xml,2056037564,284,636,8,1,0
common_google_signin_btn_text_dark_focused.xml,xml,2056037941,373,892,8,1,0
common_google_signin_btn_icon_disabled.xml,xml,2056038403,436,1132,8,1,0
psr_circle_red_bg.xml,xml,2056038924,271,628,8,1,0
msdk_name_auth_btn_text_color.xml,xml,2056039259,224,484,8,1,0
icon.png,png,2056039559,6752,6752,0,0,0
com_tencent_tmassistant_sdk_negtive_btn_pressed.xml,xml,2056046364,387,1028,8,1,0
com_tencent_tmassistant_sdk_positive_btn_pressed.xml,xml,2056046845,382,992,8,1,0
common_google_signin_btn_text_disabled.xml,xml,2056047322,446,1152,8,1,0
agree.png,png,2056047853,12017,12017,0,0,0
notification_icon.png,png,2056059925,1095,1095,0,0,0
com_tencent_msdk_notice_popup_round_bottom_pressed.xml,xml,2056061087,290,636,8,1,0
msdk_thrdcall_delete_fg.xml,xml,2056061474,227,484,8,1,0
refuse.png,png,2056061771,7356,7356,0,0,0
bg_tips.png,png,2056069180,18880,18880,0,0,0
msdk_thrdcall_sheet_btn_cancel_bkg.xml,xml,2056088116,226,484,8,1,0
msdk_name_auth_checkbox_style.xml,xml,2056088423,275,716,8,1,0
common_google_signin_btn_icon_light.xml,xml,2056088774,258,588,8,1,0
com_tencent_tmassistant_sdk_positive_btn.xml,xml,2056089114,278,716,8,1,0
psr_reddot_bg.xml,xml,2056089479,246,516,8,1,0
common_google_signin_btn_icon_light_normal.xml,xml,2056089785,254,548,8,1,0
common_google_signin_btn_text_light.xml,xml,2056090128,258,588,8,1,0
msdk_name_auth_close_sel.png,png,2056090468,345,345,0,0,0
slugsdk_video_loading_animation.xml,xml,2056090893,242,432,8,1,0
slugsdk_video_btn_progress.png,png,2056091222,518,518,0,0,0
upsdk_btn_emphasis_normal_layer.9.png,png,2056091822,1860,1860,0,0,0
msdk_name_auth_btn_sel.9.png,png,2056093772,764,764,0,0,0
slugsdk_btn_group1_menu.png,png,2056094616,935,935,0,0,0
msdk_name_auth_close_nor.png,png,2056095631,413,413,0,0,0
common_google_signin_btn_text_light_normal_background.9.png,png,2056096125,808,808,0,0,0
slugsdk_loading.png,png,2056097044,1672,1672,0,0,0
slugsdk_bg_corners_dialog.xml,xml,2056098788,276,596,8,1,0
msdk_name_auth_must.png,png,2056099145,393,393,0,0,0
stat_sys_third_app_notify.png,png,2056099613,414,414,0,0,0
msdk_name_auth_error.png,png,2056100110,948,948,0,0,0
slugsdk_video_btn_replay.png,png,2056101136,1968,1968,0,0,0
msdk_name_auth_item_bg.9.png,png,2056103184,472,472,0,0,0
psr_ic_expand_back.png,png,2056103736,464,464,0,0,0
psr_record_normal_background.png,png,2056104276,104,104,0,0,0
slugsdk_bg_corners_panel.xml,xml,2056104464,278,596,8,1,0
slugsdk_btn_group2_close_style.xml,xml,2056104822,232,464,8,1,0
slugsdk_video_btn_pause.png,png,2056105140,98,98,0,0,0
slugsdk_bg_border_top_panel_cancel.xml,xml,2056105318,268,720,8,1,0
com_tencent_msdk_webview_more.png,png,2056105676,561,561,0,0,0
googleg_disabled_color_18.png,png,2056106325,516,516,0,0,0
common_google_signin_btn_icon_light_normal_background.9.png,png,2056106924,776,776,0,0,0
com_tencent_msdk_webview_left.png,png,2056107812,540,540,0,0,0
slugsdk_btn_grouping_close.png,png,2056108440,1283,1283,0,0,0
slugsdk_btn_group2_menu_style.xml,xml,2056109807,232,464,8,1,0
com_tencent_msdk_webview_stop.png,png,2056110124,396,396,0,0,0
psr_ic_expand_record.png,png,2056110608,1124,1124,0,0,0
slugsdk_video_loading.png,png,2056111808,1123,1123,0,0,0
slugsdk_bg_border_panel_icon.xml,xml,2056113011,419,1224,8,1,0
com_tencent_msdk_notice_popup.png,png,2056113514,331,331,0,0,0
slugsdk_btn_group1_menu_style.xml,xml,2056113931,232,464,8,1,0
slugsdk_bg_border_right_dialog.xml,xml,2056114248,343,956,8,1,0
psr_ic_expand_background.png,png,2056114677,675,675,0,0,0
slugsdk_btn_back.png,png,2056115435,2044,2044,0,0,0
msdk_name_auth_correct.png,png,2056117552,1456,1456,0,0,0
psr_dot_new.png,png,2056119088,142,142,0,0,0
slugsdk_btn_group1_close_hover.png,png,2056119298,1745,1745,0,0,0
msdk_name_auth_success.png,png,2056121129,3702,3702,0,0,0
ic_plusone_standard_off_client.png,png,2056124910,667,667,0,0,0
slugsdk_btn_group1_menu_hover.png,png,2056125663,921,921,0,0,0
upsdk_cancel_pressed_bg.png,png,2056126669,247,247,0,0,0
slugsdk_btn_group2_menu_hover.png,png,2056126995,931,931,0,0,0
com_tencent_msdk_webview_left_unclickable.png,png,2056128011,537,537,0,0,0
ic_plusone_small_off_client.png,png,2056128645,667,667,0,0,0
slugsdk_btn_group1_close.png,png,2056129395,1751,1751,0,0,0
ic_plusone_medium_off_client.png,png,2056131227,630,630,0,0,0
slugsdk_btn_refresh.png,png,2056131942,945,945,0,0,0
psr_ic_recording_no_enough.png,png,2056132965,1451,1451,0,0,0
slugsdk_video_btn__play.png,png,2056134499,559,559,0,0,0
psr_ic_recording.png,png,2056135139,636,636,0,0,0
icon.png,png,2056135848,472156,472156,0,0,0
com_tencent_msdk_webview_right_unclickable.png,png,2056608064,538,538,0,0,0
googleg_standard_color_18.png,png,2056608702,982,982,0,0,0
slugsdk_btn_grouping_back.png,png,2056609766,1690,1690,0,0,0
com_tencent_msdk_webview_right.png,png,2056611538,537,537,0,0,0
common_google_signin_btn_icon_dark_normal_background.9.png,png,2056612161,1032,1032,0,0,0
psr_ic_expand_video.png,png,2056613304,332,332,0,0,0
slugsdk_video_btn_exit_fullscreen.png,png,2056613712,538,538,0,0,0
com_tencent_msdk_webview_qqbrowser.png,png,2056614342,1342,1342,0,0,0
slugsdk_btn_group2_menu.png,png,2056615774,1002,1002,0,0,0
slugsdk_btn_group1_close_style.xml,xml,2056616858,231,464,8,1,0
slugsdk_btn_close.png,png,2056617175,1608,1608,0,0,0
com_tencent_msdk_webview_refresh.png,png,2056618856,934,934,0,0,0
slugsdk_btn_group2_close_hover.png,png,2056619878,1607,1607,0,0,0
slugsdk_video_btn_enter_fullscreen.png,png,2056621571,549,549,0,0,0
upsdk_cancel_normal.png,png,2056622213,381,381,0,0,0
msdk_name_auth_check_sel.png,png,2056622669,642,642,0,0,0
msdk_name_auth_btn_nor.9.png,png,2056623394,549,549,0,0,0
common_google_signin_btn_text_dark_normal_background.9.png,png,2056624025,1086,1086,0,0,0
psr_recording_background.png,png,2056625222,1627,1627,0,0,0
slugsdk_video_player_seekbar_thumb.xml,xml,2056626931,223,416,8,1,0
common_full_open_on_phone.png,png,2056627244,489,489,0,0,0
slugsdk_bg_border_top_panel.xml,xml,2056627817,265,720,8,1,0
com_tencent_msdk_notice_roll.png,png,2056628165,331,331,0,0,0
msdk_name_auth_warning.png,png,2056628583,3057,3057,0,0,0
psr_ic_record_front.png,png,2056631721,861,861,0,0,0
com_tencent_msdk_webview_close.png,png,2056632657,362,362,0,0,0
slugsdk_video_btn_back.png,png,2056633106,238,238,0,0,0
ic_plusone_tall_off_client.png,png,2056633422,635,635,0,0,0
msdk_name_auth_check_nor.png,png,2056634139,392,392,0,0,0
slugsdk_btn_group2_close.png,png,2056634612,1688,1688,0,0,0
slugsdk_bg_border_top_dialog.xml,xml,2056636380,347,988,8,1,0
common_google_signin_btn_text_light_normal_background.9.png,png,2056636811,465,465,0,0,0
googleg_disabled_color_18.png,png,2056637389,281,281,0,0,0
common_google_signin_btn_icon_light_normal_background.9.png,png,2056637753,500,500,0,0,0
com_tencent_msdk_notice_web_loading.png,png,2056638364,862,862,0,0,0
ic_plusone_standard_off_client.png,png,2056639318,343,343,0,0,0
ic_plusone_small_off_client.png,png,2056639747,277,277,0,0,0
ic_plusone_medium_off_client.png,png,2056640109,307,307,0,0,0
icon.png,png,2056640499,6752,6752,0,0,0
googleg_standard_color_18.png,png,2056647312,562,562,0,0,0
common_google_signin_btn_icon_dark_normal_background.9.png,png,2056647954,610,610,0,0,0
common_google_signin_btn_text_dark_normal_background.9.png,png,2056648674,615,615,0,0,0
notify_panel_notification_icon_bg.png,png,2056649399,146,146,0,0,0
ic_plusone_tall_off_client.png,png,2056649634,320,320,0,0,0
common_google_signin_btn_tint.xml,xml,2056650036,224,464,8,1,0
common_google_signin_btn_text_dark.xml,xml,2056650333,278,712,8,1,0
common_google_signin_btn_text_light.xml,xml,2056650689,278,712,8,1,0
com_tencent_msdk_notice_image_url.xml,xml,2056651046,758,2552,8,1,0
com_tencent_msdk_notice_image.xml,xml,2056651887,704,2032,8,1,0
com_tencent_msdk_notice_web.xml,xml,2056652670,1069,3688,8,1,0
com_tencent_msdk_notice_web_url.xml,xml,2056653816,1125,4208,8,1,0
file_paths.xml,xml,2056655022,299,728,8,1,0
network_security_config.xml,xml,2056655373,80,136,8,1,0
apollo_file_paths.xml,xml,2056655518,223,564,8,1,0
build-data.properties,properties,2056655800,522,964,8,1,0
CHIJI.SF,SF,2056656373,20187,54345,8,1,0
CHIJI.RSA,RSA,2056676607,1080,1337,8,1,0
MANIFEST.MF,MF,2056677735,19930,54246,8,1,0
